{
  "Statistical Mean": {
    "mae_phase": 232.1674762902735,
    "mae_surgery": 319.2498086657546,
    "mae_phase_std": 263.3655821088481,
    "mae_surgery_std": 273.0942407596947,
    "mae_at_30min": 136.6856854838711,
    "mae_at_20min": 457.42322205160445,
    "mae_at_10min": 220.63147950934194,
    "mae_at_5min": 307.547785402028,
    "pct_within_5min": 57.096901260504204,
    "pct_within_10min": 85.72741596638656
  },
  "Elapsed Heuristic": {
    "mae_phase": 247.94628630880212,
    "mae_surgery": 321.6180655667595,
    "mae_phase_std": 272.9676753480287,
    "mae_surgery_std": 296.61876089142044,
    "mae_at_30min": 216.5156250452914,
    "mae_at_20min": 425.1478636995547,
    "mae_at_10min": 325.08229176676366,
    "mae_at_5min": 239.08149657494644,
    "pct_within_5min": 59.87394957983193,
    "pct_within_10min": 81.90651260504201
  },
  "Linear Regression": {
    "mae_phase": 259.43062399832644,
    "mae_surgery": 418.6030176392122,
    "mae_phase_std": 246.94423139191392,
    "mae_surgery_std": 309.86466481567606,
    "mae_at_30min": 102.23859337532875,
    "mae_at_20min": 647.688803124001,
    "mae_at_10min": 393.39513911823235,
    "mae_at_5min": 471.9547187125329,
    "pct_within_5min": 43.165703781512605,
    "pct_within_10min": 71.53361344537815
  },
  "MLP (deeper)": {
    "mae_phase": 247.35183715820312,
    "mae_surgery": 354.5225830078125,
    "mae_phase_std": 303.73486328125,
    "mae_surgery_std": 350.50946044921875,
    "mae_at_30min": 557.2833251953125,
    "mae_at_20min": 388.0436096191406,
    "mae_at_10min": 234.6083526611328,
    "mae_at_5min": 160.92465209960938,
    "pct_within_5min": 56.95243073706221,
    "pct_within_10min": 80.63904861474126
  },
  "LSTM (Temporal)": {
    "mae_phase": 245.70132446289062,
    "mae_surgery": 373.2419738769531,
    "mae_phase_std": 298.3086853027344,
    "mae_surgery_std": 357.39666748046875,
    "mae_at_30min": 667.7445678710938,
    "mae_at_20min": 425.77294921875,
    "mae_at_10min": 201.060546875,
    "mae_at_5min": 159.3486785888672,
    "pct_within_5min": 53.8767529665588,
    "pct_within_10min": 78.06094929881337
  }
}