{
  "Statistical Mean": {
    "mae_phase": 232.1674762902735,
    "mae_surgery": 319.2498086657546,
    "mae_phase_std": 263.3655821088481,
    "mae_surgery_std": 273.0942407596947,
    "mae_at_30min": 136.6856854838711,
    "mae_at_20min": 457.42322205160445,
    "mae_at_10min": 220.63147950934194,
    "mae_at_5min": 307.547785402028,
    "pct_within_5min": 57.096901260504204,
    "pct_within_10min": 85.72741596638656
  },
  "Elapsed Heuristic": {
    "mae_phase": 247.94628630880212,
    "mae_surgery": 321.6180655667595,
    "mae_phase_std": 272.9676753480287,
    "mae_surgery_std": 296.61876089142044,
    "mae_at_30min": 216.5156250452914,
    "mae_at_20min": 425.1478636995547,
    "mae_at_10min": 325.08229176676366,
    "mae_at_5min": 239.08149657494644,
    "pct_within_5min": 59.87394957983193,
    "pct_within_10min": 81.90651260504201
  },
  "Linear Regression": {
    "mae_phase": 255.0014055052375,
    "mae_surgery": 417.9512211254665,
    "mae_phase_std": 247.4219198590165,
    "mae_surgery_std": 309.56806862571926,
    "mae_at_30min": 110.2361912491298,
    "mae_at_20min": 655.0953891295607,
    "mae_at_10min": 387.29893878899,
    "mae_at_5min": 463.898105772415,
    "pct_within_5min": 43.638392857142854,
    "pct_within_10min": 71.86843487394958
  },
  "MLP (No Temporal)": {
    "mae_phase": 219.11595153808594,
    "mae_surgery": 324.1050109863281,
    "mae_phase_std": 237.5418243408203,
    "mae_surgery_std": 280.3091735839844,
    "mae_at_30min": 428.7837219238281,
    "mae_at_20min": 374.7159118652344,
    "mae_at_10min": 242.35552978515625,
    "mae_at_5min": 202.6650848388672,
    "pct_within_5min": 57.71040250914794,
    "pct_within_10min": 84.92550967067433
  },
  "LSTM (Temporal)": {
    "mae_phase": 239.92478942871094,
    "mae_surgery": 364.2840576171875,
    "mae_phase_std": 280.09600830078125,
    "mae_surgery_std": 323.196044921875,
    "mae_at_30min": 492.74627685546875,
    "mae_at_20min": 294.3777160644531,
    "mae_at_10min": 320.4933166503906,
    "mae_at_5min": 287.9095458984375,
    "pct_within_5min": 52.886146496815286,
    "pct_within_10min": 80.72584925690022
  }
}