{
  "baseline_vs_oracle": {
    "t": -1.6548340963416404,
    "p_ttest": 0.14904005635122636,
    "p_wilcoxon": 0.03125,
    "d": 0.4658823658326143
  },
  "baseline_vs_task_a": {
    "t": -1.1668099120840902,
    "p_ttest": 0.28755913005803996,
    "p_wilcoxon": 0.375,
    "d": 0.02655681402560659
  },
  "weak_comparison": {
    "t": -1.8175907770528437,
    "p_ttest": 0.1190169032628744,
    "p_wilcoxon": 0.015625,
    "d": 0.49488191590031344
  }
}