{
  "baseline": {
    "mAP": 0.38438093403358364,
    "macro_f1": 0.09390317187093346,
    "micro_f1": 0.02525943916979466,
    "accuracy": 0.08656957928802589,
    "ap_per_tool": {
      "Grasper": 0.772694664615823,
      "Bipolar": 0.07640329143811059,
      "Hook": 0.7863766360612209,
      "Scissors": 0.28587693715312623,
      "Clipper": 0.12293197698295492,
      "Irrigator": 0.25619250535015975,
      "SpecimenBag": 0.3901905266336899
    },
    "f1_per_tool": {
      "Grasper": 0,
      "Bipolar": 0,
      "Hook": 0.006211180124223602,
      "Scissors": 0.28140703517587934,
      "Clipper": 0.016415868673050615,
      "Irrigator": 0.07001166861143523,
      "SpecimenBag": 0.2832764505119454
    }
  },
  "task_a_timed": {
    "mAP": 0.3919871375329889,
    "macro_f1": 0.05126518177454912,
    "micro_f1": 0.010899918926222862,
    "accuracy": 0.08926645091693636,
    "ap_per_tool": {
      "Grasper": 0.7635665937242742,
      "Bipolar": 0.09109011353319671,
      "Hook": 0.7875473553928379,
      "Scissors": 0.32816790144014857,
      "Clipper": 0.11752951725511777,
      "Irrigator": 0.25744647182344416,
      "SpecimenBag": 0.3985620095619031
    },
    "f1_per_tool": {
      "Grasper": 0,
      "Bipolar": 0,
      "Hook": 0,
      "Scissors": 0.1691176470588235,
      "Clipper": 0,
      "Irrigator": 0,
      "SpecimenBag": 0.1897386253630203
    }
  },
  "oracle_timed": {
    "mAP": 0.5171930109411029,
    "macro_f1": 0.2449659100192891,
    "micro_f1": 0.10540461092680467,
    "accuracy": 0.09526699029126214,
    "ap_per_tool": {
      "Grasper": 0.7680685338173112,
      "Bipolar": 0.09196860788307928,
      "Hook": 0.8274464309776461,
      "Scissors": 0.2975432440907079,
      "Clipper": 0.7038462818825226,
      "Irrigator": 0.31562597427470185,
      "SpecimenBag": 0.6158520036617511
    },
    "f1_per_tool": {
      "Grasper": 0,
      "Bipolar": 0.012499999999999999,
      "Hook": 0.08005930318754634,
      "Scissors": 0.25133689839572193,
      "Clipper": 0.6420863309352518,
      "Irrigator": 0.21136590229312063,
      "SpecimenBag": 0.5174129353233831
    }
  },
  "weak_baseline": {
    "mAP": 0.3744676062114373,
    "macro_f1": 0.08600165443343226,
    "micro_f1": 0.026502937408896154,
    "accuracy": 0.08663700107874865,
    "ap_per_tool": {
      "Grasper": 0.7566944845805801,
      "Bipolar": 0.08186121221375287,
      "Hook": 0.7836450494019798,
      "Scissors": 0.26815020194736705,
      "Clipper": 0.11083304882945069,
      "Irrigator": 0.24048103331812293,
      "SpecimenBag": 0.37960821318880805
    },
    "f1_per_tool": {
      "Grasper": 0,
      "Bipolar": 0,
      "Hook": 0.004884547069271759,
      "Scissors": 0.22356495468277948,
      "Clipper": 0,
      "Irrigator": 0.032499999999999994,
      "SpecimenBag": 0.3410620792819746
    }
  },
  "weak_timed": {
    "mAP": 0.5138961986548246,
    "macro_f1": 0.25222030968257164,
    "micro_f1": 0.11727653226140648,
    "accuracy": 0.09310949298813377,
    "ap_per_tool": {
      "Grasper": 0.7640096281069875,
      "Bipolar": 0.09774989965689583,
      "Hook": 0.8326688399439914,
      "Scissors": 0.32734211133630764,
      "Clipper": 0.6826049170217169,
      "Irrigator": 0.2966231638648077,
      "SpecimenBag": 0.5962748306530657
    },
    "f1_per_tool": {
      "Grasper": 0,
      "Bipolar": 0.008032128514056224,
      "Hook": 0.1095490992398209,
      "Scissors": 0.3672654690618762,
      "Clipper": 0.6214482126489459,
      "Irrigator": 0.1375661375661376,
      "SpecimenBag": 0.5216811207471648
    }
  },
  "settings": {
    "horizon": 60,
    "batch_size": 64,
    "learning_rate": 0.0001
  }
}